Model,Accuracy,Precision,Recall,F1 Score,Best Parameters
Logistic_Regression,0.9824561403508771,0.9767441860465116,0.9767441860465116,0.9767441860465116,"{'C': 11.288378916846883, 'penalty': 'l2'}"
SVM,0.9824561403508771,0.9767441860465116,0.9767441860465116,0.9767441860465116,"{'C': 1.623776739188721, 'kernel': 'linear'}"
Decision_Tree,0.9385964912280702,0.95,0.8837209302325582,0.9156626506024096,"{'criterion': 'gini', 'max_depth': 4}"
Random_Forest,0.956140350877193,0.9523809523809523,0.9302325581395349,0.9411764705882352,"{'max_depth': 4, 'n_estimators': 50}"
