Model,Accuracy,Precision,Recall,F1 Score,Best Parameters
Logistic_Regression,0.9736842105263158,0.9761904761904762,0.9534883720930233,0.9647058823529412,"{'C': 1.623776739188721, 'penalty': 'l2'}"
SVM,0.9736842105263158,0.9761904761904762,0.9534883720930233,0.9647058823529412,"{'C': 0.23357214690901212, 'kernel': 'linear'}"
Decision_Tree,0.9473684210526315,0.9743589743589743,0.8837209302325582,0.9268292682926831,"{'criterion': 'entropy', 'max_depth': 4}"
Random_Forest,0.9649122807017544,0.975609756097561,0.9302325581395349,0.9523809523809524,"{'max_depth': None, 'n_estimators': 200}"
